-- phpMyAdmin SQL Dump
-- version 3.4.10.1
-- http://www.phpmyadmin.net
--
-- 主机: localhost
-- 生成日期: 2017 年 06 月 11 日 03:55
-- 服务器版本: 5.5.20
-- PHP 版本: 5.3.10

SET SQL_MODE="NO_AUTO_VALUE_ON_ZERO";
SET time_zone = "+00:00";


/*!40101 SET @OLD_CHARACTER_SET_CLIENT=@@CHARACTER_SET_CLIENT */;
/*!40101 SET @OLD_CHARACTER_SET_RESULTS=@@CHARACTER_SET_RESULTS */;
/*!40101 SET @OLD_COLLATION_CONNECTION=@@COLLATION_CONNECTION */;
/*!40101 SET NAMES utf8 */;

--
-- 数据库: `weibo`
--
CREATE DATABASE `weibo` DEFAULT CHARACTER SET latin1 COLLATE latin1_swedish_ci;
USE `weibo`;

DELIMITER $$
--
-- 存储过程
--
CREATE DEFINER=`root`@`localhost` PROCEDURE `publish_msg`(IN `mail_t` VARCHAR(128), IN `msg_t` VARCHAR(140) CHARSET utf8mb4)
BEGIN
START TRANSACTION;
	INSERT INTO message(content) VALUES(msg_t);
    SET @new_id = last_insert_id();
    SET @uid = (SELECT user_id FROM user WHERE mail = mail_t);
    INSERT INTO publish(msg_id,user_id,msg_type) VALUES(@new_id,@uid,0);
    UPDATE user SET msg_cnt=msg_cnt+1 WHERE user_id = @uid;
COMMIT;
END$$

DELIMITER ;

-- --------------------------------------------------------

--
-- 表的结构 `follow`
--

CREATE TABLE IF NOT EXISTS `follow` (
  `follow_id` int(11) NOT NULL AUTO_INCREMENT,
  `fo_id` int(11) NOT NULL,
  `fa_id` int(11) NOT NULL,
  PRIMARY KEY (`follow_id`)
) ENGINE=InnoDB  DEFAULT CHARSET=latin1 AUTO_INCREMENT=262 ;

--
-- 转存表中的数据 `follow`
--

INSERT INTO `follow` (`follow_id`, `fo_id`, `fa_id`) VALUES
(2, 2, 1),
(3, 3, 2),
(4, 1, 2),
(5, 4, 2),
(6, 2, 7),
(7, 2, 5),
(8, 2, 21),
(9, 2, 8),
(10, 2, 14),
(11, 3, 5),
(12, 3, 8),
(13, 3, 12),
(14, 3, 19),
(15, 3, 21),
(16, 3, 10),
(17, 3, 17),
(18, 3, 14),
(19, 4, 12),
(20, 4, 1),
(21, 4, 6),
(22, 4, 9),
(23, 4, 20),
(24, 5, 1),
(25, 5, 2),
(26, 5, 3),
(27, 5, 4),
(28, 5, 6),
(29, 5, 7),
(30, 5, 8),
(31, 5, 9),
(32, 5, 10),
(33, 5, 11),
(34, 5, 12),
(35, 5, 13),
(36, 5, 14),
(37, 5, 15),
(38, 5, 16),
(39, 5, 17),
(40, 5, 18),
(41, 5, 19),
(42, 5, 20),
(43, 5, 21),
(44, 6, 1),
(45, 6, 3),
(46, 6, 21),
(47, 6, 19),
(48, 6, 17),
(49, 6, 12),
(50, 7, 10),
(51, 7, 13),
(52, 7, 19),
(53, 7, 16),
(54, 7, 1),
(55, 8, 10),
(56, 8, 4),
(57, 8, 12),
(58, 8, 19),
(59, 8, 9),
(60, 8, 2),
(61, 8, 14),
(62, 8, 1),
(63, 9, 1),
(64, 9, 11),
(65, 9, 21),
(66, 9, 13),
(67, 9, 7),
(68, 9, 11),
(69, 9, 10),
(70, 9, 15),
(71, 9, 3),
(72, 10, 11),
(73, 12, 11),
(74, 12, 4),
(75, 12, 18),
(76, 12, 14),
(77, 12, 2),
(78, 12, 5),
(79, 12, 9),
(80, 13, 18),
(81, 13, 1),
(82, 13, 5),
(83, 13, 6),
(84, 13, 21),
(85, 13, 19),
(86, 13, 14),
(87, 14, 13),
(88, 14, 21),
(89, 15, 2),
(90, 15, 4),
(91, 15, 6),
(92, 15, 8),
(93, 15, 10),
(94, 15, 12),
(95, 15, 14),
(96, 15, 16),
(97, 15, 18),
(98, 15, 20),
(99, 16, 13),
(100, 16, 1),
(101, 16, 15),
(102, 16, 3),
(103, 16, 5),
(104, 16, 7),
(105, 16, 9),
(106, 16, 2),
(107, 16, 17),
(108, 17, 19),
(109, 17, 13),
(110, 17, 1),
(111, 17, 3),
(112, 17, 0),
(113, 17, 8),
(114, 17, 9),
(115, 17, 20),
(116, 18, 10),
(117, 18, 9),
(118, 18, 1),
(119, 18, 2),
(120, 18, 3),
(121, 18, 4),
(122, 18, 15),
(123, 18, 6),
(124, 18, 7),
(125, 18, 11),
(126, 18, 13),
(127, 18, 14),
(128, 18, 16),
(129, 18, 19),
(130, 19, 3),
(131, 19, 4),
(132, 19, 6),
(133, 19, 8),
(134, 19, 9),
(135, 19, 11),
(136, 19, 12),
(137, 19, 21),
(138, 19, 3),
(139, 20, 8),
(140, 20, 2),
(141, 20, 3),
(142, 20, 9),
(143, 20, 13),
(144, 20, 10),
(145, 20, 12),
(146, 20, 15),
(147, 20, 21),
(148, 20, 19),
(149, 20, 18),
(150, 20, 17),
(151, 20, 16),
(152, 21, 1),
(153, 21, 20),
(154, 21, 19),
(155, 21, 18),
(156, 21, 17),
(157, 21, 16),
(158, 21, 2);

--
-- 触发器 `follow`
--
DROP TRIGGER IF EXISTS `follow_option`;
DELIMITER //
CREATE TRIGGER `follow_option` AFTER INSERT ON `follow`
 FOR EACH ROW BEGIN
	UPDATE user SET fa_cnt = fa_cnt+1 WHERE user_id = NEW.fo_id;
    UPDATE user SET fo_cnt = fo_cnt+1 WHERE user_id = NEW.fa_id;
END
//
DELIMITER ;
DROP TRIGGER IF EXISTS `unfollow_option`;
DELIMITER //
CREATE TRIGGER `unfollow_option` AFTER DELETE ON `follow`
 FOR EACH ROW BEGIN
	UPDATE user SET fa_cnt = fa_cnt-1 WHERE user_id = OLD.fo_id;
	UPDATE user SET fo_cnt = fo_cnt-1 WHERE user_id = OLD.fa_id;
END
//
DELIMITER ;

-- --------------------------------------------------------

--
-- 表的结构 `liking`
--

CREATE TABLE IF NOT EXISTS `liking` (
  `msg_id` int(11) NOT NULL,
  `publisher_id` int(11) NOT NULL,
  `liker_id` int(11) NOT NULL
) ENGINE=InnoDB DEFAULT CHARSET=latin1;

-- --------------------------------------------------------

--
-- 表的结构 `message`
--

CREATE TABLE IF NOT EXISTS `message` (
  `msg_id` int(11) NOT NULL AUTO_INCREMENT,
  `content` varchar(140) COLLATE utf8mb4_unicode_ci DEFAULT NULL,
  `tran_cnt` int(11) NOT NULL DEFAULT '0',
  `like_cnt` int(11) NOT NULL DEFAULT '0',
  PRIMARY KEY (`msg_id`)
) ENGINE=InnoDB  DEFAULT CHARSET=utf8mb4 COLLATE=utf8mb4_unicode_ci AUTO_INCREMENT=208 ;

--
-- 转存表中的数据 `message`
--

INSERT INTO `message` (`msg_id`, `content`, `tran_cnt`, `like_cnt`) VALUES
(1, 'my first weibo', 0, 0),
(2, 'my second weibo', 0, 0),
(3, 'my 3rd weibo', 0, 0),
(4, 'Pizza is so delicious!', 0, 0),
(5, 'yzhang37', 0, 0),
(6, 'ssssss', 0, 0),
(7, '?????', 0, 0),
(10, '水电费水电费', 0, 0),
(11, '2017年6月7日，服务器维护项目', 0, 0),
(12, '习近平出席上合组织成员国元首理事会会议并发表重要讲话 ', 0, 0),
(13, ' 澎湃新闻：所以你对时代的态度是?\n\n金承志：经济低谷会带来文化繁荣，当然这只是普遍的规律……我会把自己分为两部分，一部分观看着时代浪潮，但自己并没有置身在内。我在我的饮酒和创作时间内。当然后来痛风了，只能小酌。', 0, 0),
(14, '南方多省遭暴雨 中国气象局进入四级应急状态。过去一天，重庆西部、湖北南部、湖南西北部遭暴雨来袭，重庆合川遭遇入夏以来的最强降雨，最大降雨量达223.6毫米。此外，浙江南部、福建北部等地出现分散性强降雨，局地降雨量超过100毫米。 ', 0, 0),
(15, '“矮大紧”是高晓松的反义词，也是他给自己起的笔名。在微博中，高晓松很少提到大紧，他主动提及“大紧”的三次中，一次是调侃自己的新歌《生活不止眼前的苟且》被当做作文题，还有一次是晒自拍——经常以自拍来自黑的名人，除了高晓松也很难找到第二个。 ', 0, 0),
(16, '高考结束了，可以开始我三个月浪浪浪的大假期 ', 0, 0),
(17, '说到环境投诉，大家可能觉得与大气污染相关的肯定最多，可日前环境保护部发布的《2017年中国环境噪声污染防治报告》显示，2016年相关部门共收到环境投诉119.0万件，其中噪声投诉52.2万件，占环境投诉总量的43.9%。 ', 0, 0),
(18, '还有半个小时，把紧去看#奔跑吧#，请记住这三要素[喵喵] ', 0, 0),
(19, '今天我毕业了！！ ', 0, 0),
(20, '就业？考研？我该怎么选？Who can tell me~~ ', 0, 0),
(21, '考完了放假了，打游戏的时候嘴巴不能闲着啊，所以转发+关注，我们抽2名送进口零食大礼包一份！ ', 0, 0),
(22, '没错这两都是我，第一个表演体现腿短，第二个表演体现，我很Man [doge][doge][doge][doge]  ', 0, 0),
(23, ' 芝元堂大肚子茶  荷叶决明子新品袋泡茶 代用茶 草本茶 无糖茶 \n「原价￥24.9 」 \n「券价￥9.9 」 \n领券下单地址:O网页链接  ', 0, 0),
(24, '#黄景瑜好好吃饭吧# 好好休息[心]期待今晚的表现[憧憬][憧憬][憧憬]自拍给满分会不会太少呢[思考]@Johnny黄景瑜 ', 0, 0),
(25, '【2017年 这个南京姑娘的毕业演讲惊艳了美国[赞]】这是中国姑娘蔡语婧今年在波士顿大学的毕业演讲。她的见解独特而深刻，她倡导终生学习和拥抱多元文化，她也爱她的家乡。 @TED君学演讲 ', 0, 0),
(26, ' 最近我的状态不太好 有点憔悴 没什么热情 所以我这周没发视频 下周可能也有点困难 再看看吧 对不起大家[失望] 希望我快点好起来 ​​​​ ', 0, 0),
(27, '오늘 밤 여기에 직방 있습니다!!!!!!! ', 0, 0),
(28, ' 麦蒂再现！詹皇总决赛自抛自扣！！！！#骑勇大战# ​​​​', 0, 0),
(29, ' 《霜花店》算是韩国 情 色 电影中很好看的一部，因为尺度比它大的，颜值没它高。颜值比它高的，尺度没它大。。故事最虐心莫过于三个人都爱上了不该爱的人：王对于护卫，却因一个小小的决定彻底失去了；护卫对于王，有的只是屈服；而王后被迫红杏出墙却在以为找到真爱后被扼杀。', 0, 0),
(30, '女朋友的体重标准是什么？答不好可能眉毛和女朋友都没了 ', 0, 0),
(31, '比赛激烈，詹姆斯和杜兰特都发生了争执，这是不是联盟最强的争执？两个人场下是非常好的朋友！之后还相互击掌！#NBA总决赛# ', 0, 0),
(32, ' #贵阳身边事#走遍大江南北，仅有贵州这个地方用镰刀剃头，上千年的习俗传承至今，当属世界之最！', 0, 0),
(33, ' #楚乔传# @林更新 表白宇文玥的举个手 [色][色][色]', 0, 0),
(34, '真的，这种凉皮只有路边摊才能做的好吃 ​​​​  ', 0, 0),
(35, ' 别人对你说过最棒的赞美是什么？', 0, 0),
(36, '#七十二层奇楼# #吴亦凡七十二层奇楼# 吴亦凡@Mr_凡先生 再创吴式唠叨[doge]那个人...兴趣爱好应该吃醋...研究各种各样的醋....大概就是个醋坛子[二哈]抱着坛子短短几百米的路程不仅自己说，和队友唠，还不死心得去问守护者，嗯，我爱吃醋，吃醋使我快乐，吴长老这波碎碎', 0, 0),
(37, ' 刚才看2017快乐男声，真·老干部我建哥。李健在快男现场再爆金句，“你唱歌太外在，我还没感动，你就要哭了” 一秒跳戏防不胜防！所以，我鲜看团团长的身份要被抢了吗？', 0, 0),
(38, '【小区保安用雨衣做成假人值班 业主：又好气又好笑[允悲]】6月7日凌晨，宿迁市泗阳县一小区，有晚归业主发现值班室里的“保安”，竟是由一件绿色雨衣伪装！业主：有事的话可以请假，弄一个“假人”，又好气又好笑。9日小区物业通报：当事保安被开除，管理人员被记过罚款。(中新) ', 0, 0),
(39, '今天星期五，运动起来！哈哈 ', 0, 0),
(40, '【[笑而不语]】《法国足球》：PSG接近以75M欧元的价格签下皇马球星J罗，这一价格吓退了米兰双雄，曼联，阿森纳，拜仁和尤文图斯。 ', 0, 0),
(41, ' 【C罗2射1传 葡萄牙3-0大胜】世预赛，葡萄牙3-0大胜拉脱维亚，C罗梅开二度后助攻安德列-席尔瓦进球，助葡萄牙夺得5连胜！！139场国家队比赛，73粒进球，C罗在欧洲国家队历史射手榜上，超越克洛泽排到了第三位！《马卡报》：C罗“如子弹般地结束了这个赛季的征程”！', 0, 0),
(42, ' 今晚吃了河东的水果粥+香肠夹馍+冒菜，一顿吃了两顿的量，我是不是很厉害~~', 0, 0),
(43, '#篮球技巧教学# #NBA总决赛# 骑士137比116大胜勇士，系列赛扳成1比3！这一次，你觉得骑士还能逆转勇士么？  ', 0, 0),
(44, '【高分喜剧犯罪《上帝保佑美国》】超级推荐！穷凶极恶版《这个杀手不太冷》，一部从头爽到尾的cult片，充斥着各种黑色幽默和犀利吐槽，满足了愤怒青年们对2B世界的一切反抗幻想。导演借一位中年大叔发泄出对现实的批判和愤怒，虽然充斥着暴力和血浆，但影片本质是干净的。 ', 0, 0),
(45, ' 萌娃版“越狱”！小哥哥手把手教弟弟如何正确的逃出婴儿床，结果弟弟是个新手带不动，最后还是得靠哥哥这个老司机啊…[允悲]', 0, 0),
(46, ' 【4招教你挑西瓜！】①西瓜底部的圈圈，越小越好，相反的，底部圈圈越大，皮越厚，越难吃。②颜色最好挑青绿色，不要雾雾白白的。③西瓜头，就是所谓的蒂头，若是直直的一条线。', 0, 0),
(47, '普京在一次讲话的时候被狙（niao)击手(shi)打中肩膀，依然坚强的演说完毕，凶手至今未抓获。 ', 0, 0),
(48, 'foreign friend in douyu? ', 0, 0),
(49, ' 那个，24小时不断网不断电有空调无门禁阿姨基本不查房的华东吃饭大学，爱来不来，爱报不报。。。', 0, 0),
(50, '废狗维护了。。。死亡爱丽丝也维护（我就当它就没有开过服比较好）。看来真的只能学习了ﾍ(;´Д｀ﾍ) ', 0, 0),
(51, ' #黄家驹610生日快乐#今天是Beyond主唱黄家驹的55岁冥诞，感谢你的歌声陪伴我们的光辉岁月。[心][心]一代代的人听你的歌慢慢长大，渐渐变老，可你在我们心里永远是那个积极善良、年轻朝气的少年。无论你在哪里，都祝你生日快乐。', 0, 0),
(52, '#黄景瑜Dior迪奥蓝调之夜# \n话题努力刷起来！都关注了吗 ', 0, 0),
(53, '【￥19.9】海之最 口袋提子蛋糕 1kg，果脯点缀，口感柔软细腻，可作营养早餐，糕点零食，甜蜜可口，送礼自备佳品！券：http://t.cn/RSRiPqs   拍：http://t.cn/RSR80u8', 0, 0),
(54, ' 【#北电女生控诉性侵# 后续：自称阿廖沙师弟的@北电侯亮平 证实其所说为事实】自称阿廖沙师弟的北电在校生愿意放弃毕业证，发文证实阿廖沙在校遭性侵并受侮辱和打压的情况为事实，并举报相关人等多次贪污受贿，潜规则女大学生，并称愿意为所说承担法律责任，包括出庭作证。', 0, 0),
(55, ' 嘻嘻嘻 超希望我身边处着对象的朋友们都能甜甜蜜蜜 长长久久 永结同心 白头偕老 这样她们结婚录视频的时候我就可以讲好久好久 ​​​​ ', 0, 0),
(56, ' 啊～真的是越来越爱爸爸妈妈妹妹爷爷舅舅舅母啦！觉得大家都可爱到爆炸哈哈哈哈[亲亲] ​​​​ ', 0, 0),
(57, ' 我以为我会睡 但是我没有 我只是怔怔望着那天花板 直到今天早晨六点', 0, 0),
(58, '刚想登陆QQ阅读（不是发新文，是去查稿费然后好好吃一顿），结果发现已经想不起密码了。。。试了好几次，账号被禁止登录了。。。 ​​​​  ', 0, 0),
(59, '刚才墨夫跟我说，他下载了一个app，拍什么花的照片，就能识别出花名。我灵机一动说，那你拍拍我。他脸上闪过一丝难以形容的笑，然后给我拍了。\n……\n当屏幕上报出“多肉”这个识别结果时，你们能体会我幻灭的心情吗…… ', 0, 0),
(60, ' 【#新娘要8800下车钱# 新郎发火了！】新郎拿了几十万彩礼，说好女方要陪彩礼的，但婚礼当天女方的陪嫁什么也没有，这让新郎很不爽。眼看婚车到家了，新娘却不下车，要八千八的下车钱。新郎怒了，一把拽新娘下了车，喊道：不想结婚就滚蛋，把我的彩礼还回来！[晕]你 ​​​​...展开全文', 0, 0),
(61, ' 关于仙剑的记忆，一直都停留在十年前的《仙剑奇侠传》里，再来听一遍这首《杀破狼》，全都是感动！', 0, 0),
(62, '#古香古食# 每到插秧的季节，漫山遍野的覆盆子一串串熟的正好。这些野果子就成了我们农村孩子的小零食支撑着整个童年，现在回想起来也都还是乐趣满满。\n而覆盆子除了味道酸甜可口之外，药用价值也是极高。所以用来酿酒再好不过了。 ', 0, 0),
(63, ' 【李 克 强 总理笑死人】中欧会场设备故障李总理：不是中国制造吧？为总理点赞！', 0, 0),
(64, '【日本杀人魔“零式战机”二战后首现东京湾】据央视新闻报道，6月3日下午，在二战时犯下累累罪行的日本主力战机---“零式战机”出现在日本千叶市举行的“红牛特技飞行大赛”上。该机种曾是二战后期日本“神风敢死队”发动自杀攻击的主要机种 ', 0, 0),
(65, ' 牛顿在苹果树下被苹果砸了头，结果砸出万有引力定律的传说，听上去只是一个传说。但这个传说很可能是真的，牛顿自己就对不少人说过，包括伏尔泰。最不可思议的是，这棵树，现在它还活着！', 0, 0),
(66, '深圳布吉河，河道清理员在污水河道中捞起18辆共享单车。清理员称，他们已连续3天在此处打捞共享单车，并怒斥ofo工作人员，称其只投放不管理。 ', 0, 0),
(67, '大三下就要结束了。。。。 ', 0, 0),
(68, ' 6月5日，复旦大学的学生发现食堂里多了一个川菜窗口，原来是两位来自川大 的厨师来交流学习。鱼香肉丝、水煮肉片、夫妻肺片…整整12道菜，两位大师傅迅速征服了复旦学子的胃！', 0, 0),
(69, '草泥马了，围脖貌似很操蛋的被盗了，莫名提示什么登录失败，密码错误，然后就胡乱发了一大波微博，关注了一堆人，所以对此表示我啥都不造！\n既然如此，霸气的决定弃博一段时间，也算是为了节省手机内存，等有了新欢再见吧！ ', 0, 0),
(70, '今天审520文案的时候 感觉每句话每个故事都超级甜 [憧憬]希望我们都永远被爱包裹啊～ ', 0, 0),
(71, '“世界上只有一种真正的英雄主义，那就是在认识生活的真相后依然热爱生活。”[微风]周六早[飞机] ', 0, 0),
(72, '习近平出席上合组织成员国元首理事会会议并发表重要讲话 ', 0, 0),
(73, '我真的很想换头像了，今天好多美图[允悲]我继续克制，明天陌陌直播厨艺，我们继续鸡血 ', 0, 0),
(74, ' 西雅图亚马逊总部的线下零售店运用了计算机视觉、传感器和深度学习等黑科技，买东西不用排队不用付钱，拿着商品就能走！', 0, 0),
(75, ' 在华盛顿的布鲁金斯学会年会上又见克林顿。他来捧场是因为他是布鲁金斯即将退休的总裁50年前耶鲁的室友。交谈中他告诉我他也是MOTO的粉丝。[微笑]我说试试我们的电脑，一样安全可信赖', 0, 0),
(76, '没有收到你的晚安，朋友圈的点赞也没有你，晚安，愿你和她一切安好 ', 0, 0),
(77, 'Apache Spark新方向：深度学习和流式数据处理支持 ', 0, 0),
(78, '“余春娇说：我喜欢一个男生  他抽烟  我想跟他有共同话题  所以我也抽烟喽  后来有一天他跟我说 我要戒烟了 我问为什么 他说他喜欢的女孩不喜欢他抽烟 他的烟戒掉了 可是我没有” ​​​​  ', 0, 0),
(79, ' 十年变形金刚，一生无悔入坑！视频里亲王@马伯庸 的那句“三代博派最后生出一个狂派的儿子出来”，真是[笑cry][笑cry]，有种我们中出了一个叛徒即视感', 0, 0),
(80, ' #旅行新势力#日本人喜欢在细节上下功夫，没想到小小的煎饺结合日本武士道也能玩儿出这么多花样来。什么飞翔WIFI型、妖艳唇型、大车轮辉煌型、极乐温泉型，煎饺型道足足有四十五种。看着丰盛美味，是不是全程都想舔屏？', 0, 0),
(81, ' 【库克：技术与善意结合 才能更好地服务人类】“我并不担心人工智能让计算机像人类一样思考问题。相反，我担心人类像计算机那样思考问题。”  ，库克说，股东希望苹果专注于投资回报，但工程师应该有勇气去做正确的事情。', 0, 0),
(82, '上海迪士尼度假区，花车巡游，米奇米妮童话专列花车来啦，请列队围观，仿佛听到谁的少女心裂了的声音 ', 0, 0),
(83, '玉米粑粑，从小到大每年都会做一批，只是随时年代的不同，科技的进步，方法还是一样，工具却有了 ', 0, 0),
(84, '不靠谱啊，专卖店买了一套巴里巴特的沙发，居然防伪都没有，发票也不开，一个月垫子就塌了，投诉也没回应，难道买了个假的？大家要小心啊。。。还是居然之家好一点。。。[摊手][摊手][摊手] ​​​​  ', 0, 0),
(85, '去云南旅游，很多人都爱走昆明-大理-丽江-香格里拉，难道就没人想要在往南走，去西双版纳嘛！热带雨林，大象，孔雀，泼水节以及浓浓的傣族风情，是云南最热情的地方！ ', 0, 0),
(86, ' 在美国众筹平台Kickstarter，有支团队正在筹拍一部以汉字文化和字体设计为主题的纪录片，我赞助了这个项目——现在好像已经超额完成了募资目标——并翻译了他们的这条很有意思的影片Demo。', 0, 0),
(87, '过去每8-10年会发生一次世界金融危机，2008年金融危机已过去九年。这次会例外吗？金融危机前夜一定是股市大涨、一片繁荣。 ', 0, 0),
(88, '【未来实体的购物场景：拿完就走不用付钱[doge]】西雅图亚马逊总部的线下零售店运用了计算机视觉、传感器和深度学习等黑科技，买东西不用排队不用付钱，拿着商品就能走！ ', 0, 0),
(89, '“笑不代表什么，难过的时候也会笑的。” ​​​​  ', 0, 0),
(90, '股市总是让人遍体鳞伤，但到后来，那些受伤的伤口一定会变成我们最强壮的地方。只要没被弄死，总有一天能翻身。因此，今年好好活着很重要！ ​​​​ ', 0, 0),
(91, ' 【青海-茶卡盐湖】高考结束去哪儿玩？史上最全的青海湖自驾攻略来啦！毕业旅行走起吧！投稿：笑笑同学啊_ ​ ', 0, 0),
(92, ' 男生一旦骚起来，真的就没女生什么事了！！！[doge]', 0, 0),
(93, '《mysql 数据库误删除后的数据恢复操作说明》在日常运维工作中，对于mysql数据库的备份是至关重要的！数据库对于网站的重要性使得我们对mysql数据的管理不容有失！然而，是人总难免会犯错误，说不定哪天大脑短路了来个误操作把数据库给删除了，怎么办？？？  ', 0, 0),
(94, '没有人是天生脾气好啊，对你好真的是因为你很重要 ', 0, 0),
(95, ' 持续五天的2016巴菲特午餐拍卖刚刚落下帷幕，由账号为s***l的用户以267万9001美金的价格拍得。巴菲特慈善午餐的拍卖所得将全部捐给旧金山慈善组织Glide，用于帮助无家可归者和贫困人士。巴菲特曾表示在慈善午餐将畅谈所有的话题，除了不透露自己下一步的投资目标', 0, 0),
(96, ' 感觉这把微博要跌惨了????先是搞公知，结果公知给关了，公知不让搞，挖掘了狗仔，现在狗仔也给封了????微博心想，到底什么姿势大爷才满意啊', 0, 0),
(97, ' 以后的伤口将很容易愈合，不需要缝合。 More than a simple patch up pack.  Meet 3M Steri-Strip', 0, 0),
(98, '6月8日，江苏移动在苏州举行中国移动首批5G试验网外场测试启动仪式，会上，江苏移动苏州分公司与清华大学苏州汽车研究院、苏州能讯高能半导体有限公司等多家科研单位和产业龙头企业签署了5G联合创新研究合作协议。 ', 0, 0),
(99, '你有什么资格说我胖?!! 你有请我吃过一顿饭吗 ', 0, 0),
(100, ' "不要太乖 不想做的事可以拒绝 做不到的事不用勉强 不喜欢的话假装没听见 你的人生不是用来讨好别人 而是善待自己" ​​​​ ', 0, 0),
(101, '愿你们六月的心情 就像打开美食后般的喜悦 ​​​​  ', 0, 0),
(102, ' 唯一的小号，有些事不是我说了算，希望你们能懂！没睡的都上来说句话吧', 0, 0),
(103, ' 股市上证指数在线解盘，有需要解析的股票请将你的 【股票代码+成本价格】 回复在评论里回复', 0, 0),
(104, ' 这些孩子的演技也太好吧，简直神还原迪士尼版《花木兰》，这个动作和神态都超棒啊！', 0, 0),
(105, '上证指数尾盘略有回升，下周局势依然不明朗，但是个股方面，今日走势较好的个股，下周都还有少许上升空间。中小创下周表现会有所转变，赚钱效应会有所提升！ ', 0, 0),
(106, '或许有一天你鼓起勇气，把心中的一切和盘托出，结果只落得让别人看笑话，因为他们压根儿不懂你在说什么，也不知道你为什么觉得事情那么重要，说着说着，几乎要哭了出来。我想普天下最糟的事，莫过于怀着满腔心事与秘密，却非无人可诉，而是没有人听得懂！-- 斯蒂芬·金 《肖申克的救赎》 ​​​​', 0, 0),
(107, ' 中小创也要环绕业绩+成长，在中小创中选5只，在上海新股次新股中选3只，加起来合计8只应该足够了。', 0, 0),
(108, '我不够富，不能像我希望的那样爱你；我也不够穷，不能像你希望的那样被你爱。让我们彼此忘却——你是忘却一个对你说来相当冷酷的姓名，我是忘却一种我供养不起的幸福。——小仲马 《茶花女》 ', 0, 0),
(109, ' 人生一世，也不过是一个又一个二十四小时的叠加，在这样宝贵的光阴里，我必须明白自己的选择。——三毛 ​​​​ ', 0, 0),
(110, '我们都是受困于时代的“囚鸟”——既渴望逃离，又踟蹰不前。——《#冯内古特名著囚鸟#》 ​​​', 0, 0),
(111, '为了自己想过的生活，勇于放弃一些东西。这个世界没有公正之处，你也永远得不到两全之计。若要自由，就得牺牲安全。若要闲散，就不能获得别人评价中的成就。若要愉悦，就无需计较身边人给予的态度。若要前行，就得离开你现在停留的地方。 ', 0, 0),
(112, '【打败一家企业，你只需要研究3个人！】组织的背后是人，看待一个企业，你只需要研究三个人：董事长、总经理和销售总监。因为他们这几个人基本决定一个企业的命运了。 ​​​​  ', 0, 0),
(113, '在婚嫁这个问题上，很多生女儿的父母两口子本事不够，就指望培养女儿找金龟婿，恨不得女儿大学毕业就赶紧嫁人。似乎女儿嫁人就能一辈子荣华富贵，只不过他们忘了一件事情，你自己家境不好，你女儿即使打着爱情的旗号嫁给经济条件好的，你们全家不受气了？​​​​ ', 0, 0),
(114, ' 夏天来了意味着啥？穿吊带！露肩膀手臂，有拜拜肉的穿衣服会很不好看，跟我一起做个10分钟手臂操吧，非常简单，没什么要领，每个动作30次，动作之间不休息，30天就能迅速甩掉手臂脂肪+虎背熊腰', 0, 0),
(115, '告别平庸的方法：1.每天坚持读书1小时；2.坚持提升专业，成为单位专业权威；3.战胜两个坏毛病--拖延与抱怨；4.先从形象上改变，提升你的自信；5.时常反省自己，但不诋毁自己；6、向优秀的人学习；7.坚持早睡早起；8.坚持体育锻炼；9.保持微笑。', 0, 0),
(116, '蔡康永：读书，是为了保留一个超越自己的机会 ​​​​ ', 0, 0),
(117, '#新木乃伊#有给力又很给劲儿的刀锋女母木乃伊，还有老当益壮保证地球安全让你可以安心看怪物们祸害世界的阿汤哥，再加上刚开了新机构的化身博士罗素·克洛！黑暗宇宙太复杂的话，光看高级沙尘暴爽一下也是棒棒哒！ ', 0, 0),
(118, ' 四川黄龙自然保护区又成功拍摄到了一只在雪地中行走的野生大熊猫，这是该景区拍摄到的第三只野生大熊猫。据全国大熊猫调查数据显示，黄龙自然保护区有野生大熊猫15只。', 0, 0),
(119, '机场偶遇一帅哥，皇帝皇后、皇上娘娘、檀木夫妇 …… 齐回宫！ ', 0, 0),
(120, ' 【复读考生滴滴拼车误事 高考迟到1分钟被拒入场】“孩子被拒之门外后，当时就哭了，好像不敢回家，一直在学校周边转悠，边走边哭。到了下午3点5分时，就坐在校门口接着哭。”网约车公司解释，这孩子打的是“拼车”，司机说系统要求他必须先送另一名拼车的乘客，结果迟到了1分钟。', 0, 0),
(121, '外国女生眼中的中国男生会是什么样的呢？ 快来看看她们是怎么说的吧～ ', 0, 0),
(122, '我发表了头条文章:《张靓颖英文单曲电音版本收入Billboard亚洲电音专辑》 ', 0, 0),
(123, ' 对于今天中国反转形势的险恶程度，我的判断可能与很多人不同。我看到的是：中国农业转基因化的合法化程序已经走完，以“禁转”为诉求的我方，正面临巨大变局和危险：我们将被非法化。它们压不服我们，就把我们非法化！ ', 0, 0),
(124, '今天到访了@新网银行  ，这是新希望、小米和红旗连锁联合发起的新一代互联网银行。刚刚开业不到半年，参观后我最大的感触: 这里和一般银行非常不同，更像一家互联网公司。 ', 0, 0),
(125, '王者荣耀动漫第一集，哈哈哈哈心疼狄仁杰 ', 0, 0),
(126, '古埃及的朱鹭木乃伊。公元前305-公元前30。布鲁克林博物馆藏\n用动物制成木乃伊，在埃及的很多地方都有发现，它们一般放在陶罐之类的容器中。但盛放这个朱鹭木乃伊的容器明显高端很多，它的背后可拆卸，身体镀金，头部和腿部都是金属铸成。x光照片可以看到内部的情形，古埃及人的执念…… ​​', 0, 0),
(127, ' 等来了！Justin Bieber联手David Guetta新单《2U》试听首播', 0, 0),
(128, '从前有一只熊 他养了一只兔子 准备过年吃掉 在此期间他一直跟他一起吃饭 终于过年了 熊把兔子用红布盖上 拿着刀叉准备吃点 忽然兔子把红布掀开 对熊说：你终于要娶我了呀！  ', 0, 0),
(129, '漫威全新力作《#黑豹#》全球首支先导预告片迅猛来袭！关于「英雄」、「传奇」、「国王」，也许他会给你全新的解答。  ', 0, 0),
(130, '王杰&黄绮珊《爱得太多》，王杰的演艺生涯传奇而又让人唏嘘，拥有过爱情，事业，婚姻，家庭，到头来还是一无所有，浮华散尽，他还是那个不受世俗羁绊的浪子，一切都是一场游戏一场梦~  ', 0, 0),
(131, ' 没有什么比时间更具有说服力了，因为时间无需通知我们就可以改变一切。 ——余华《活着》 ​​​​ ', 0, 0),
(132, ' 子弹打坦克怎么打？武器真是越来越先进。', 0, 0),
(133, '沃伦·巴菲特说，不论你从事任何工作，如果想要成功几乎都需要具备这样一种特质……我实在太同意他的说法了 ', 0, 0),
(134, ' 现在流行的未必是未来流行的！养猪新思维：（1）鼓励饲养区，最好谨慎点；限养区，才是最应该争取的；（2）溯源系统，必须建立；（3）云平台、物联管理，必须提到议事日程上来；（4）公司+农户，前途不佳，要打造标准无抗育肥基地、每批万头以上；（5）高度重视 “环保饲养”，构建猪粪转换有', 0, 0),
(135, '一起回顾90年代TVB版金庸武侠电视，里面的主题曲现在听到也会让人满满的童年回忆[心]\n飞雪连天射白鹿 \n笑书神侠倚碧鸳  ', 0, 0),
(136, ' 一首超好听的《Tell Me Why》曾经轰动世界的迪克兰十岁的成名曲，\n以前就超喜欢，MV版的更动人', 0, 0),
(137, '同事排了三个多小时的队，晚上十一点多，我们才在这家店吃上火锅。\n太离谱了，实在无法理解成都人 ', 0, 0),
(138, ' 绝美！古装女子群像混剪，一颦一笑，亦戏亦泪！画面和台词都非常经典撩人，正如哥哥所讲：你有很多种样子，浓妆，淡妆，男妆，没化妆，还有如梦如幻月，若即若离花。真是太美好，以至于从未停止怀念，看到最后禁不住泪目。[心]cr:MuiuXninw', 0, 0),
(139, ' 17年前的今天，她发行首张专辑进入乐坛，没有太艳丽夺目的外表，没有多么浮夸的包装，就这样一位简单清新的女生，凭借超高辨识度的绝佳音色，一出道就在华语乐坛大获成功，拿下金曲奖最佳新人，一位初出茅庐的新人就有了巨星的气势。\n', 0, 0),
(140, '掌贝疾驰MarTech，“土气”的餐饮业混搭“高精尖”的人工智能 —— “餐饮未来是一个高技术、秩序化的产业。未来中国最大的（企业）一定是零售、餐饮实体公司。”宿凯表示。 ', 0, 0),
(141, '翻唱达人钢琴翻唱《faded》，钢琴伴奏配上沙哑的嗓音，让歌曲多了一丝声嘶力竭的无奈，再加上一小段rap，给人不一样的感觉 ', 0, 0),
(142, ' 是他，在好莱坞大片里让我们血脉贲张[笑而不语]是他，在小品舞台上让我们前仰后合[笑而不语]——著名动作武打相声演员郭森斯坦达6月9日生快！！[蛋糕][笑而不语] ​​​​ ', 0, 0),
(143, ' 新片《新木乃伊》全球公映之际，《好莱坞报道者》总结阿汤哥的巨星成长史，接下来还有《美国制造》、《碟中谍6》、《明日边缘2》等一系列商业巨制登场。', 0, 0),
(144, ' 外国翻唱达人Bea Miller&Boyce Avenue 翻唱的《See You Again》，”没有老友你的陪伴 日子真是漫长， 与你重逢之时 我会敞开心扉倾诉所...”', 0, 0),
(145, ' 智慧城市建设 数据安全先行 | 以云计算、大数据等信息化技术为支撑的智慧城市建设，已成为现代化城市的主流发展方向。但这其中利弊相伴，信息化技术的创新应用是智慧城市建设的重要依托，离开信息化技术智慧城市建设无从谈起，而信息化技术则自然带来了附属品——数据安全问题', 0, 0),
(146, 'Justin Bieber联手Khalil旧曲《Time For Bed》完整试听出炉！3年前就流出过片段，今天完整版出了 ', 0, 0),
(147, ' #电影金钱追杀令# 暗黑系的电影，没想到还真能让人在现实里体验一把，可惜我没赶上，真想知道自己能挣多少钱', 0, 0),
(148, '#电影君推荐# 小栗旬主演真人版电影《银魂》第二弹预告片公开！除了红樱篇的主剧情外，预告中还出现了“捉独角仙篇”的镜头，神乐在桌子上闹情绪、翻白眼、抠鼻子，近藤勲裸奔，冲田总悟变身巨型独角仙等，7月14日上映！ ', 0, 0),
(149, ' 一首超好听的《Tell Me Why》曾经轰动世界的迪克兰十岁的成名曲，\n以前就超喜欢，MV版的更动人 ​​​​  ', 0, 0),
(150, '信息安全战中如何对抗未知安全威胁？ | 云安全fun享会第三期《未知安全威胁的检测与防御》，邀请业界安全专家，与您分享沙盒、RASP、蜜罐、安全态势感知等对抗未知威胁的利器。与其惧怕0day，不如来听听我们的安全沙龙！ ', 0, 0),
(151, ' 【智慧生活：八种菜预防八种癌症】菠菜（预防肺癌）、海带（预防乳腺癌）、茭白 （预防肠癌）、菜花（预防胰腺癌）、芦笋（预防皮肤癌）、黄豆（预防宫颈癌）、大蒜（预防胃癌）、蘑菇（预防肝癌）。 ​​​​ ', 0, 0),
(152, '最近下课教练有点多，有没有看上我们这个教练团队的，主教练，助理教练守门员教练都有了，红色那人非说自己是领队，还有体能教练在拍照 ', 0, 0),
(153, ' 训练是孤独的，但还是爱上了拳击', 0, 0),
(154, ' 多一场就多7000万美元的综合收益，好几个亿人民币呢！要是我，吹的更狠，库里杜兰特格林全罚下! \n下一场随便吹，没事～ ​​​​ ', 0, 0),
(155, ' 去他妈的篮球梦系列！', 0, 0),
(156, ' 在冰岛的自由潜水，这可能是世界上最干净清澈的水底了，整个画面都美哭！好想去，就只是看看也好', 0, 0),
(157, ' 「我也是歌手」非正歌王争夺战打响！五位竞演歌手，到底谁会是你们心中的非正歌王？', 0, 0),
(158, '【久坐族必学 美臀排毒小动作】坐久了不但屁股变大，而且还气血不通。于是脸上长斑、痤疮、红疙瘩。杂质沉积到骨盆里，引发生殖和泌尿系统的炎症和痛经。每天回家做这个动作，如图：双手抓住脚尖，膝盖向两侧打开，尽量往地上贴，腰要停止，双膝有节奏向地板振动，每天几分钟。 ​​​​  ', 0, 0),
(159, '从全国主要城市之间人口往来度最高的10条线路，可以看出哪些城市房地产投资价值高？ ', 0, 0),
(160, ' 她是不善言辞却内心勇敢的内敛女孩，她是誓将热巴舞发扬的传承者，她是坚韧纯粹的高原珍珠，她是名族舞传承者@天生是优我-强巴央珍 。春晚级的热巴舞表演让所有人惊艳，相信你的坚持一定会让梦想实现！', 0, 0),
(161, '#游戏趣图# 年轻人不要碰的东西。[喵喵][喵喵]看来不仅仅是单反毁一生啊#游戏趣图# 年轻人不要碰的东西。[喵喵][喵喵]看来不仅仅是单反毁一生啊 ', 0, 0),
(162, '骑士队赢下第四场！第五战，甲骨文球馆见！ ', 0, 0),
(163, ' 形计薛浩呈不仅哭戏一流，嘴炮能力也是超强！面对凌明乾来势汹汹的拳头，先是沉默应对，再抓到对方软肋采取语言上的猛烈攻击！不过少年，明明这局赢的是你，为什么你还撅嘴哭泣啊！', 0, 0),
(164, '如果进餐时能做到这四点，并且没有把自己吃胖或太瘦，那么我差不多就可以给你的饮食打满分了！1.餐餐都有主食，且粗细搭配；2.餐餐都有蛋白质食物（鱼肉蛋奶和大豆制品）；3.餐餐都有新鲜蔬菜；4.少油少盐控糖。 ', 0, 0),
(165, '骑士队在总决赛目前以1:3落后，这个剧本我在哪里见过。 ', 0, 0),
(166, ' 近日全国高考正在进行，浙江高考语文的一篇阅读理解火了，文章结尾“从锅里跳出来的鱼眼里发出诡异的光”，当考生也一头雾水时，最后一题恰巧问的也是“诡异的光指的是什么?”这篇阅读理解的原作者@巩高峰 虽然没给出答案但是他用表情包解决了大家的疑惑近日全国高考正在进行，浙江高考语文的一篇', 0, 0),
(167, '有哪些像纪念碑谷一样一秒就能俘获你的精致手游？60多款，部部神作，建议先马，随手拯救游戏荒~ ', 0, 0),
(168, ' 扎心了老铁，作为王者荣耀老玩家，贫道终于知道自己为什么没有对象了[允悲][允悲]要是爱情有这么简单，就好了', 0, 0),
(169, '孙悟空重做，大圣归来[并不简单][并不简单][并不简单]\n来看斗鱼主播告诉你新版猴子到底有多强 ', 0, 0),
(170, '五年后，一线城市房价如何？ ', 0, 0),
(171, '针灸之所以在国外大行其道，是因为其卓越的疗效。如何提高针灸的临床疗效，我给弟子们连续做了两次相关的讲座，试着从：师承、治神、得气、经络及其相互联系、全息、取穴、刺激方法等多个角度去分析。特别是在取穴方面，我主张以经络为本，结合周尔晋的X形平衡法及李柏松的八字治疗法，最能开拓思路。', 0, 0),
(172, '距离大结局还有1小时~孤勇的盔甲里，发现心底最渴望的是温暖。 ', 0, 0),
(173, ' 距离大结局还有4小时~执拗的傻气中，发现历练背后是自信坚强。', 0, 0),
(174, '大君被困武关，坚守楚魂不愿轻言妥协，而最终他也在这片囹圄之地孤独的离去了。背绳墨以追曲兮，竞周容以为度……松灯燃尽，这位传奇帝王的一生，就此划上了最后的句点……[泪][泪] ', 0, 0),
(175, '面对绝境，詹皇用第9次总决赛三双（超越魔术师、成历史第一）的全能表现将骑士从悬崖边上拉了回来，三旬老汉并不打算就此把联盟第一人的权杖交到杜兰特手中！风生水起，才知天高云淡；沧海横流，方显英雄本色！ ', 0, 0),
(176, '在跌跌撞撞的生活中，千万不要失去了自我～ ', 0, 0),
(177, ' 南京发扬光大的“公证摇号”，手段多多，花样百出，如软件摇号、乒乓球摇号、红包摇号。之所以摇号，当然是想买的人多，超过房源。买到即中奖，红包摇号也是应景和图个好彩头。', 0, 0),
(178, '多少人脑补了八年的斗气大陆和萧炎终于来了，片花吴磊弟弟和陈楚河这对师徒对手戏hin多啊[污]成长，就是不顾一切的闯，败了只需大笑一场。不过话说，这种毒怼师徒真的好吗，药尘老师这么帅，有没有考虑再收个女弟子！ ', 0, 0),
(179, '欢乐颂2大结局今晚终于到来，@王凯kkw 演绎的赵启平2.0，有笑有泪有成长，赵启平因为温柔所以退让，因为自信所以骄傲，因为守护所以坚持。这个血肉丰满的赵启平今晚和我们说再见了，不过并不会有丝毫不舍，毕竟王凯凯这么棒，以后会有更多更好更让人难忘的角色在未来 ', 0, 0),
(180, '晚个餐[嘻嘻]～凉拌海带黄瓜羊肝，番茄豆腐炖牛肉，水煎鳕鱼（孩子也吃）～', 0, 0),
(181, '这一生的种种在眼前闪现而过，少时得志，权县为官，改革变法，秦楚大战，合纵抗秦……屈子千古一跃，精神万古长存…… ', 0, 0),
(182, '「我也是歌手」非正歌王争夺战打响！五位竞演歌手，到底谁会是你们心中的非正歌王？ ', 0, 0),
(183, '宁泽涛终于要回归赛场了，他已经完成转业手续，正式回归河南游泳队，将亮相6月23日-26日的全运会第二次预选赛，共参加三项比赛：50米自由泳、100米自由泳和100米蝶泳！上个月，他在澳大利亚师从名帅布朗训练，2015年，正是布朗成就他喀山世锦赛的一鸣惊人！期待！ ​​​​  ', 0, 0),
(184, '你琉璃般透明纯净，春风般温暖如熙，你好立夏，湖南卫视金鹰独播剧场后天见！ ', 0, 0),
(185, ' 骑士球迷多次齐喊“德雷蒙德恶心”，但追梦并不在意，他还跟着观众骂声的节奏一起摇摆。\n格林赛后说道：“我喜欢这个，他们让我感觉到自己很重要，他们在主场还想着我。”\n谈到Game5，格林充满感激的表示：“谢天谢地我能上场了...应该可以吧？” ​​​​ ', 0, 0),
(186, '5月份，北京新房成交面积环比和同比分别下滑；北京此轮楼市调控的重点——春节后明显回升的二手住房市场，近期也出现大幅度回落 ', 0, 0),
(187, '在奔跑吧兄弟上邓超和郭京飞的相爱相杀竟然让我看出来一股官方发糖的甜味……一定是我错过了什么…… ', 0, 0),
(188, ' 在内地还能见到巨幼细胞贫血血红蛋白只有36g/L的，人人享有健康保健还任重道远! ​​​​ ', 0, 0),
(189, ' 球队危难之际，欧文再次爆发，砍下40分险些追平个人总决赛得分纪录。 科比说欧文拥有曼巴精神。“每一场比赛都是生死战，我们已经做好了准备。”——凯里-欧文', 0, 0),
(190, '朋友表哥的小孩去年毕业后在北京一家央企工作，听说雄安新区以后不建商品房，员工可以分房，表哥大喜，盼着孩子的公司早点入驻雄安，这样就不用给孩子买房了，政府真是英明，解决了高房价问题。如果你是这个表哥，盼着孩子去雄安工作吗？ ​​​​  ', 0, 0),
(191, ' 真正的硬汉级越野车， 心有草原何惧沙漠 ！', 0, 0),
(192, '黄致列快乐大本营演唱《Bangbangbang》真心帅到掉渣[摊手]而且在没有任何修音的情况下，也能够唱得这么好听，真心厉害了 ', 0, 0),
(193, '宁泽涛将复出战全国夏季游泳锦标赛！志林哥哥想说宁泽涛其实从未离开过，他只是在我们看不见的地方默默努力着。低调、坚忍、勇敢、堂堂正正就是他的品格。加油，宁泽涛！ ', 0, 0),
(194, '我是会唱小歌歌的小哥哥。 ', 0, 0),
(195, '她是那个恣意疯狂的谭某某，却也有着一颗想与心爱的人坐在草原湖边看候鸟，安逸中度过一辈子的心[心][心]今晚十点，让@谭维维 带着你回到那高高的谷堆上，遇见最真实的自己 ', 0, 0),
(196, '高速度，强对抗，\n弹如雨下，\n人仰马翻，\n互喷垃圾话，\n一大堆技术犯规，\n这才是男人的比赛嘛 ', 0, 0),
(197, ' 破限购的一个方法，就是放弃中国国籍，因为外籍人士（包括港澳台）在大陆任何一个城市都不限购。 ​​​​', 0, 0),
(198, ' 罗志祥当场认出林瑞阳儿子！快乐男声不乏认偶像的、认亲的，没想到还有认“爸爸的迷弟”的！“星二代”林禹被罗志祥认出是“台湾第一小生”林瑞阳大哥的儿子！而小猪罗志祥自曝把林瑞阳视为“天神”！', 0, 0),
(199, '一个实用的问题：夏季如何排毒 想排毒就按摩3个穴位 ', 0, 0),
(200, '人离不开水，但对喝水的时机似乎从未在意过，大多数人只是渴了才喝。其实，从健康角度来说，人体在某些时刻最需要水，若此时能及时补水，不仅可以解渴，还有利于保证水分平衡。 ', 0, 0),
(201, ' 哈哈哈哈哈哈哈，要被耿直的郭京飞笑死了，昨晚的奔跑吧兄弟上，一脸懵逼的没吃到海鲜，还把口播播的这么清新脱俗…… ', 0, 0),
(202, '父母在，人生尚有来处，父母去，人生只剩归途。有人说，陪伴是最长情的告白，能陪伴的时候多多珍惜，不然等待你的只剩下漫漫无期的思念。 ', 0, 0),
(203, ' 照道理，限购抑制需求以后，就应该多卖地增加供应，二手都硬，大量土拍的消息有哇？没有！如果在地王边上拍几块块地，价格拦腰一半，酸爽哇？预期的房价还会涨吗？', 0, 0),
(204, ' 终于看到你们赛车手平常怎么练车的了，跟练武的打木桩一样一样的，难怪技术这么好', 0, 0),
(205, ' ofo今日推出专为女性用户量身定做的新车型“公主车”。“公主车”由百年品牌“凤凰”生产，新车经过复古设计，省力不少；车筐采用仿藤编造型，配备共享单车中独有的圆头螺丝，不会损伤女生包包；使用半封闭链罩可防止女性长裙被车链刮蹭蹭 ​​​​...展开全文>', 0, 0),
(206, ' 小历历，天真无邪如你...', 0, 0),
(207, '跟着师傳微信去训练之三：今上海立信会计金融学院市男女花剑队与捷克国家队选进行实战练习，因捷克队备战欧锦赛，出来交流人数较少，双方队员都认真打好每一剑，也是学习的好机会。[玫瑰]我们一定会在全运会中创造好成绩。[强][强][强]#董力# 加油！支持你！ ​​​​  ', 0, 0);

-- --------------------------------------------------------

--
-- 表的结构 `msg_relation`
--

CREATE TABLE IF NOT EXISTS `msg_relation` (
  `past_msg_id` int(11) NOT NULL,
  `new_msg_id` int(11) NOT NULL,
  `relation_type` int(11) NOT NULL,
  PRIMARY KEY (`past_msg_id`,`new_msg_id`)
) ENGINE=InnoDB DEFAULT CHARSET=latin1;

-- --------------------------------------------------------

--
-- 表的结构 `publish`
--

CREATE TABLE IF NOT EXISTS `publish` (
  `msg_id` int(11) NOT NULL,
  `user_id` int(11) NOT NULL,
  `msg_type` int(11) NOT NULL,
  `time` timestamp NOT NULL DEFAULT CURRENT_TIMESTAMP
) ENGINE=InnoDB DEFAULT CHARSET=latin1;

--
-- 转存表中的数据 `publish`
--

INSERT INTO `publish` (`msg_id`, `user_id`, `msg_type`, `time`) VALUES
(1, 1, 0, '2014-05-29 15:51:41'),
(2, 1, 0, '2014-05-30 05:42:09'),
(3, 1, 0, '2014-05-30 05:42:30'),
(4, 2, 0, '2014-05-30 08:51:53'),
(5, 3, 0, '2014-06-04 14:13:36'),
(6, 2, 0, '2014-06-04 16:10:43'),
(7, 1, 0, '2014-06-04 16:15:13'),
(10, 1, 0, '2014-06-04 16:16:34'),
(11, 2, 0, '2014-06-07 11:10:48'),
(12, 7, 0, '2014-09-29 15:50:41'),
(13, 8, 0, '2015-01-06 02:22:22'),
(14, 6, 0, '2015-01-05 03:12:12'),
(15, 9, 0, '2015-01-11 17:01:34'),
(16, 10, 0, '2015-02-08 01:12:13'),
(17, 11, 0, '2015-03-09 03:19:59'),
(18, 12, 0, '2015-04-23 13:01:23'),
(19, 13, 0, '2015-04-05 14:23:42'),
(20, 14, 0, '2015-04-06 01:11:02'),
(21, 15, 0, '2015-04-19 15:21:58'),
(22, 16, 0, '2015-05-12 01:23:40'),
(23, 17, 0, '2015-05-29 02:28:11'),
(24, 18, 0, '2015-05-23 14:24:46'),
(25, 19, 0, '2015-05-30 06:15:12'),
(26, 20, 0, '2015-05-27 07:42:12'),
(27, 21, 0, '2015-05-19 11:12:28'),
(28, 4, 0, '2015-06-25 04:17:20'),
(29, 21, 0, '2015-06-07 04:23:49'),
(30, 5, 0, '2015-06-08 06:58:16'),
(31, 19, 0, '2015-06-29 04:48:01'),
(32, 12, 0, '2015-06-30 16:00:01'),
(33, 16, 0, '2015-08-22 13:11:22'),
(34, 13, 0, '2015-07-13 15:01:23'),
(35, 16, 0, '2015-09-01 04:11:45'),
(36, 20, 0, '2015-08-22 08:27:48'),
(37, 19, 0, '2015-09-10 14:13:45'),
(38, 10, 0, '2015-09-11 05:32:12'),
(39, 18, 0, '2015-09-21 04:33:11'),
(40, 12, 0, '2015-10-02 15:22:01'),
(41, 4, 0, '2015-09-30 14:21:43'),
(42, 7, 0, '2015-09-28 15:44:26'),
(43, 9, 0, '2015-09-29 03:22:44'),
(44, 10, 0, '2015-10-02 19:23:54'),
(46, 16, 0, '2015-10-10 03:34:29'),
(45, 19, 0, '2015-10-11 17:02:11'),
(47, 12, 0, '2015-10-15 14:23:45'),
(48, 10, 0, '2015-10-19 12:10:19'),
(49, 11, 0, '2015-10-24 03:01:14'),
(50, 9, 0, '2015-10-23 08:00:35'),
(51, 10, 0, '2015-11-19 09:00:38'),
(52, 9, 0, '2015-11-23 09:35:43'),
(53, 4, 0, '2015-11-20 13:00:09'),
(54, 12, 0, '2015-11-25 23:09:04'),
(55, 14, 0, '2015-11-27 00:00:06'),
(56, 12, 0, '2015-11-27 17:09:08'),
(57, 20, 0, '2015-11-29 11:29:32'),
(58, 21, 0, '2015-11-29 11:57:34'),
(59, 13, 0, '2015-11-30 05:25:35'),
(60, 13, 0, '2015-11-30 15:12:09'),
(61, 19, 0, '2015-11-30 07:29:45'),
(62, 16, 0, '2015-10-28 16:34:18'),
(63, 9, 0, '2015-10-21 15:44:10'),
(64, 12, 0, '2015-09-30 03:00:38'),
(65, 13, 0, '2015-11-30 16:00:00'),
(66, 14, 0, '2015-12-02 03:44:48'),
(67, 8, 0, '2016-02-09 14:44:09'),
(68, 4, 0, '2016-01-03 03:12:15'),
(69, 7, 0, '2016-01-02 16:01:12'),
(70, 5, 0, '2016-01-02 03:44:23'),
(71, 13, 0, '2016-01-05 04:34:25'),
(72, 19, 0, '2016-01-02 16:22:34'),
(73, 13, 0, '2016-01-04 14:21:03'),
(74, 9, 0, '2016-01-05 06:28:38'),
(75, 18, 0, '2016-01-04 16:00:01'),
(76, 21, 0, '2016-01-07 01:29:28'),
(77, 16, 0, '2016-01-06 01:23:49'),
(78, 15, 0, '2016-01-08 09:49:38'),
(79, 19, 0, '2016-01-09 04:45:30'),
(80, 11, 0, '2016-01-12 14:14:25'),
(81, 12, 0, '2016-01-15 15:37:49'),
(82, 9, 0, '2016-01-14 04:21:34'),
(83, 19, 0, '2016-01-15 11:13:36'),
(84, 9, 0, '2016-01-20 02:56:37'),
(85, 20, 0, '2016-01-20 01:40:26'),
(86, 14, 0, '2016-01-28 18:03:21'),
(87, 15, 0, '2016-01-29 09:49:29'),
(88, 19, 0, '2016-01-27 18:28:21'),
(89, 20, 0, '2016-02-01 13:38:19'),
(90, 12, 0, '2016-02-02 11:49:40'),
(91, 14, 0, '2016-02-04 12:48:10'),
(92, 13, 0, '2016-02-17 06:34:47'),
(93, 4, 0, '2016-02-18 13:38:09'),
(94, 9, 0, '2016-02-18 08:32:46'),
(95, 7, 0, '2016-02-19 12:23:45'),
(96, 4, 0, '2016-02-19 13:25:34'),
(97, 9, 0, '2016-02-20 14:25:59'),
(98, 5, 0, '2016-02-20 01:09:02'),
(99, 6, 0, '2016-03-02 21:24:48'),
(100, 8, 0, '2016-03-18 19:38:20'),
(101, 9, 0, '2016-03-19 11:32:34'),
(102, 21, 0, '2016-03-21 15:24:45'),
(103, 12, 0, '2016-03-26 18:28:42'),
(104, 15, 0, '2016-04-01 09:37:34'),
(105, 9, 0, '2016-04-02 09:27:48'),
(106, 12, 0, '2016-04-09 10:34:24'),
(107, 17, 0, '2016-04-14 05:45:10'),
(108, 19, 0, '2016-04-17 11:34:10'),
(109, 10, 0, '2016-04-18 00:03:09'),
(120, 4, 0, '2016-05-02 07:27:25'),
(121, 12, 0, '2016-05-09 15:12:01'),
(122, 4, 0, '2016-05-12 18:41:43'),
(123, 7, 0, '2016-05-18 05:24:26'),
(124, 9, 0, '2016-05-19 03:52:44'),
(125, 10, 0, '2016-05-23 15:23:54'),
(126, 16, 0, '2016-05-24 03:54:29'),
(127, 19, 0, '2016-05-23 13:02:11'),
(128, 12, 0, '2016-05-24 18:43:45'),
(129, 10, 0, '2016-05-24 16:20:19'),
(130, 11, 0, '2016-05-24 13:01:04'),
(131, 9, 0, '2016-05-24 22:50:55'),
(132, 10, 0, '2016-05-25 23:40:18'),
(133, 9, 0, '2016-05-26 04:45:03'),
(134, 4, 0, '2016-05-26 03:02:09'),
(135, 12, 0, '2016-05-26 15:05:24'),
(136, 14, 0, '2016-05-27 09:40:56'),
(137, 12, 0, '2016-05-28 06:20:48'),
(138, 20, 0, '2016-05-29 04:25:02'),
(139, 21, 0, '2016-05-29 02:23:19'),
(140, 13, 0, '2016-05-29 19:32:55'),
(141, 13, 0, '2016-05-30 10:24:29'),
(142, 19, 0, '2016-05-30 14:39:27'),
(143, 16, 0, '2016-05-28 22:25:45'),
(144, 9, 0, '2016-05-31 11:38:34'),
(145, 2, 0, '2016-05-31 19:23:48'),
(146, 1, 0, '2016-06-01 04:13:29'),
(147, 2, 0, '2016-06-01 11:03:11'),
(148, 3, 0, '2016-06-02 02:18:42'),
(149, 4, 0, '2016-06-02 00:23:58'),
(150, 9, 0, '2016-06-03 13:34:28'),
(151, 10, 0, '2016-06-03 14:11:45'),
(152, 1, 0, '2016-06-03 04:35:56'),
(153, 3, 0, '2016-06-03 18:34:35'),
(154, 5, 0, '2016-06-04 05:23:44'),
(155, 8, 0, '2016-06-04 07:35:34'),
(156, 2, 0, '2016-06-04 05:54:24'),
(157, 7, 0, '2016-06-05 13:35:53'),
(158, 12, 0, '2016-06-05 01:23:45'),
(160, 21, 0, '2016-06-05 09:33:24'),
(161, 15, 0, '2016-06-06 11:21:28'),
(162, 14, 0, '2016-06-07 05:45:29'),
(163, 19, 0, '2016-06-07 14:45:21'),
(164, 11, 0, '2016-06-08 06:24:56'),
(165, 1, 0, '2016-06-09 08:29:32'),
(166, 3, 0, '2016-06-09 15:56:06'),
(167, 21, 0, '2016-06-11 11:22:43'),
(168, 5, 0, '2016-06-18 01:38:10'),
(169, 19, 0, '2016-06-19 04:48:01'),
(170, 2, 0, '2016-06-19 12:50:01'),
(171, 6, 0, '2016-06-22 12:21:22'),
(172, 10, 0, '2016-06-23 08:34:21'),
(173, 1, 0, '2016-06-25 15:14:34'),
(174, 20, 0, '2016-06-26 13:17:41'),
(175, 19, 0, '2016-06-26 15:45:25'),
(176, 10, 0, '2016-06-26 22:38:32'),
(177, 8, 0, '2016-06-29 11:43:12'),
(178, 2, 0, '2016-06-29 23:12:42'),
(179, 3, 0, '2016-07-11 06:43:56'),
(180, 9, 0, '2016-07-13 14:56:25'),
(181, 10, 0, '2016-07-14 12:45:24'),
(182, 1, 0, '2016-07-13 19:57:21'),
(183, 19, 0, '2016-07-16 06:24:56'),
(184, 13, 0, '2016-07-17 11:34:52'),
(185, 17, 0, '2016-07-17 20:56:17'),
(186, 3, 0, '2016-07-19 01:35:25'),
(187, 14, 0, '2016-07-20 05:56:21'),
(188, 9, 0, '2016-07-21 07:14:36'),
(189, 1, 0, '2016-07-22 06:56:17'),
(190, 17, 0, '2016-07-23 16:13:45'),
(191, 19, 0, '2016-07-27 14:34:07'),
(192, 12, 0, '2016-07-27 03:35:26'),
(193, 20, 0, '2016-07-28 10:34:46'),
(194, 21, 0, '2016-07-28 06:35:47'),
(195, 2, 0, '2016-07-29 02:58:35'),
(196, 13, 0, '2016-07-29 07:56:23'),
(197, 11, 0, '2016-07-30 01:47:28'),
(198, 6, 0, '2016-08-04 11:19:23'),
(199, 8, 0, '2016-08-05 05:22:45'),
(200, 9, 0, '2016-08-06 13:23:39'),
(201, 11, 0, '2016-08-11 06:23:33'),
(202, 12, 0, '2016-08-12 14:13:24'),
(203, 15, 0, '2016-08-15 07:35:26'),
(204, 19, 0, '2016-08-17 06:35:44'),
(205, 1, 0, '2016-08-19 02:44:29'),
(206, 17, 0, '2016-08-23 08:18:48'),
(207, 19, 0, '2016-08-24 01:35:58'),
(110, 9, 0, '2016-04-19 13:22:24'),
(111, 18, 0, '2016-04-19 02:32:47'),
(112, 3, 0, '2016-04-20 03:23:56'),
(113, 6, 0, '2016-04-19 17:24:46'),
(114, 8, 0, '2016-04-23 01:14:57'),
(115, 17, 0, '2016-04-25 03:35:58'),
(116, 18, 0, '2016-04-25 10:24:38'),
(117, 6, 0, '2016-04-27 13:24:56'),
(118, 11, 0, '2016-04-27 09:35:26'),
(119, 21, 0, '2016-04-28 14:24:58'),
(159, 18, 0, '2016-06-05 15:39:45');

-- --------------------------------------------------------

--
-- 表的结构 `tag`
--

CREATE TABLE IF NOT EXISTS `tag` (
  `tag_id` int(11) NOT NULL AUTO_INCREMENT,
  `tag_content` varchar(64) NOT NULL,
  PRIMARY KEY (`tag_id`)
) ENGINE=InnoDB DEFAULT CHARSET=latin1 AUTO_INCREMENT=1 ;

-- --------------------------------------------------------

--
-- 表的结构 `tagging`
--

CREATE TABLE IF NOT EXISTS `tagging` (
  `tag_id` int(11) NOT NULL,
  `msg_id` int(11) NOT NULL
) ENGINE=InnoDB DEFAULT CHARSET=latin1;

-- --------------------------------------------------------

--
-- 表的结构 `user`
--

CREATE TABLE IF NOT EXISTS `user` (
  `user_id` int(11) NOT NULL AUTO_INCREMENT,
  `nname` varchar(16) COLLATE utf8mb4_unicode_ci DEFAULT NULL,
  `mail` varchar(128) COLLATE utf8mb4_unicode_ci NOT NULL,
  `pwd` varchar(32) COLLATE utf8mb4_unicode_ci NOT NULL,
  `sign` varchar(128) COLLATE utf8mb4_unicode_ci DEFAULT NULL,
  `fa_cnt` int(11) NOT NULL DEFAULT '0',
  `fo_cnt` int(11) NOT NULL DEFAULT '0',
  `msg_cnt` int(11) NOT NULL DEFAULT '0',
  `mobile` varchar(15) COLLATE utf8mb4_unicode_ci DEFAULT NULL,
  `telephone` varchar(15) COLLATE utf8mb4_unicode_ci NOT NULL,
  `icon` int(11) NOT NULL DEFAULT '0',
  PRIMARY KEY (`user_id`),
  UNIQUE KEY `mail` (`mail`)
) ENGINE=InnoDB  DEFAULT CHARSET=utf8mb4 COLLATE=utf8mb4_unicode_ci ROW_FORMAT=COMPACT AUTO_INCREMENT=22 ;

--
-- 转存表中的数据 `user`
--

INSERT INTO `user` (`user_id`, `nname`, `mail`, `pwd`, `sign`, `fa_cnt`, `fo_cnt`, `msg_cnt`, `mobile`, `telephone`, `icon`) VALUES
(1, 'Jordan', 'jordan0801@163.com', '123456', '暑假快来啊', 1, 12, 12, NULL, '', 1),
(2, 'pizza', 'pizza@123.com', 'pizza', 'I AM PIZZA!', 6, 11, 9, NULL, '', 1),
(3, 'yzhang37', 'yzhang37', 'yzhang37', 'yzhang37', 9, 9, 7, NULL, '', 1),
(4, 'david', 'david', 'fuzhichao', '我是付志超', 6, 6, 10, NULL, '', 1),
(5, '小明1号', '11@126.com', '123', '我的青春我做主', 20, 5, 5, NULL, '', 3),
(6, '小明2号', '123@126.com', '123', '人的一生要疯狂一次，无论是为一个人，一段情，一段旅途，或一个梦想', 6, 6, 6, NULL, '', 1),
(7, '小明3号', '123456@qq.com', '12356', '有些人，有些事，看清了，也就看轻了。', 5, 5, 6, NULL, '', 2),
(8, '小红1号', '233@163.com', 'l123', '如果有选择，那就选择最好的；如果没有选择，那就努力做到最好。', 8, 7, 7, NULL, '', 4),
(9, '小红2号', '6666@ecnu.edu.com', '123456', '人生没有彩排，每一天都是现场直播。', 9, 9, 21, NULL, '', 7),
(10, 'Abby', 'english@998.com', 'Abby', '我们走得太快，灵魂都跟不上了。', 1, 8, 13, NULL, '', 9),
(11, 'Aimee', 'america@119.com', 'hello', '怀才就象怀孕，时间久了会让人看出来。', 0, 7, 8, NULL, '', 10),
(12, '酒井香江子', 'nihong@youxi.com', '123456', '攀比是产生烦恼的根源。', 7, 8, 18, NULL, '', 11),
(13, '小野绿', 'nihongjin@youxi.com', '123456', '那些玩笑话中，总参杂着真心话', 7, 8, 12, NULL, '', 12),
(14, '三健太郎', 'nihongguo@youxi.com', '123456', '众里寻他千百度，没病你就走两步。', 2, 8, 8, NULL, '', 3),
(15, '柯南', 'kenan123@126.com', '123456', '真相只有一个', 10, 5, 6, NULL, '', 5),
(16, '金鑫鑫', 'jx123@qq.com', '123456', '路见不平一声吼，吼完继续往前走。', 9, 6, 8, NULL, '', 4),
(17, '翠花儿', 'suancai@ecnu.com', '12356', '我要上酸菜', 8, 6, 6, NULL, '', 3),
(18, '小绿绿', 'greenx@126.com', '123', '我不下地狱，谁爱下谁下。', 14, 6, 6, NULL, '', 1),
(19, '北京侯亮平', '123@fantanju.com', '123456', '不会放过一个贪官', 9, 10, 19, NULL, '', 1),
(20, '达康书记', '2333@shiju.com', '123', '给人民干实事', 13, 5, 8, NULL, '', 3),
(21, '祁同伟', '0001@shengju.com', '123', '我要胜天半子！', 7, 9, 10, NULL, '', 4);

/*!40101 SET CHARACTER_SET_CLIENT=@OLD_CHARACTER_SET_CLIENT */;
/*!40101 SET CHARACTER_SET_RESULTS=@OLD_CHARACTER_SET_RESULTS */;
/*!40101 SET COLLATION_CONNECTION=@OLD_COLLATION_CONNECTION */;
